dataset,group,scenario,cq,source_deviation,framing_bias,notes
IntelligentBathrooms,NeoNGPT_GPT4o,"I like going to the movies when it is raining, and I especially like to see action movies.",What are the showtimes for action movies today?,,,
CVN,NeoNGPT_GPT4o,"Each circular value network has certain inputs that drive the work of that network. Inputs could be in the form of products, components, and materials, and could also be the outputs coming from another circular value network. Inputs also apply to phases, steps, and work inside the network.",What insights can be gained from analyzing the relationships between networks?,,,
IntelligentBathrooms,Gold,"The system asks me if I want to order tickets to a proposed event if there are tickets available. I am presented with a set of ticket options, and get to select the time of the show, the seat I want at the movie theatre. Finally, I pay by credit card.","What are the options available for this event category/specific event (i.e. what can be customized by the user, e.g. seat selection and time of show for a movie)?",,,
WHOW,NeoNGPT_GPT4o,"Sage, a water resource manager with a background in environmental science, is tasked with overseeing the sustainability and conservation efforts of water basins in her region. Her responsibilities include not only maintaining current water quality and usage standards but also planning for future water needs and conservation efforts. Sage needs detailed information on various water basins, including which water bodies belong to a specific basin, the sub-water basins contained within them, the classification of different types of water bodies, especially coastal ones, and a comprehensive list of all water body types for planning and reporting purposes.

Moreover, having a list of all types of water bodies available at her disposal enables Sage to communicate effectively with local stakeholders, government entities, and international conservation bodies, providing reports, data analysis, and strategic planning documents that are based on comprehensive and accurate water body classifications.",How can I retrieve information about a specific water body and its classification?,,,
IntelligentBathrooms,OntoChat,"Today my calendar contains a meeting at noon, but then I have the afternoon and evening off.",How much free time does the user have in the afternoon?,,,
Polifonia,NeoNGPT_GPT4o,"Mark is interested in understanding how Dutch folk tunes relate to other music, e.g. from French court operas.Starting from a collection of Dutch folk tunes, Mark attempts to relate these tunes to other documented music, using a variety of databases. Mark would like to relate individual pieces of music, but also repertoires generally. He would also like to understand musical evolution and transmission over time. Mark works with:

RISM index of musical sources, composers etc https://opac.rism.info/main-menu-/kachelmenu with the ability to search on names and music

NEUMA, a digital library of musical scores http://neuma.huma-num.fr/home/presentation

ABC notation database http://abcnotation.com/

Database of Dutch tunes http://www.liederenban.nl and http://www.liederebank.nl/mtc

Early American Secular Music and its European sources http://www.cdss.org/elibrary/Easmes/Index.htm

Mark's work could be helped by:

Connection to other databases, so that he could automatically query a range of databases",How can one identify the origin of a specific Dutch folk tune within the integrated database?,,,
WHOW,NeoNGPT_GPT4o,"Sage, a water resource manager with a background in environmental science, is tasked with overseeing the sustainability and conservation efforts of water basins in her region. Her responsibilities include not only maintaining current water quality and usage standards but also planning for future water needs and conservation efforts. Sage needs detailed information on various water basins, including which water bodies belong to a specific basin, the sub-water basins contained within them, the classification of different types of water bodies, especially coastal ones, and a comprehensive list of all water body types for planning and reporting purposes.

Moreover, having a list of all types of water bodies available at her disposal enables Sage to communicate effectively with local stakeholders, government entities, and international conservation bodies, providing reports, data analysis, and strategic planning documents that are based on comprehensive and accurate water body classifications.",What are the scalability features of the ontology to accommodate additional classifications?,,,
IntelligentBathrooms,NeoNGPT_GPT4o,I was brushing my teeth in the bathroom on Thursday morning. Morning is between 6 and 10am according to the current user.,What are the personal hygiene activities included in the ontology?,,,
CVN,NeoNGPT_GPT4o,"A product is made up of components, which in turn are made up of materials that have a certain properties, and provenance.",19. What are the relationships between different components within a product?,,,
CVN,NeoNGPT_GPT4o,A circular value network has some process which outlines work done by different actors in this network,10. How can the ontology facilitate interoperability between different systems used by network participants?,,,
CVN,OntoChat,"A circular value network consists of one or many actors that are working together towards a common goal. A circular value network holds a value proposition of achieving beneficial outcomes that the actors involved in the network would not be able to achieve in solitude. To reach this goal actors make use of inputs in the form of competencies and resources according to a specified logic. The circular value network outputs are the value proposition in it self, but also the possible secondary values in products, materials or competencies that could be useful in other contexts.",What are the inputs used by actors in a circular value network?,,,
WHOW,NeoNGPT_GPT4o,"Sage, a water resource manager with a background in environmental science, is tasked with overseeing the sustainability and conservation efforts of water basins in her region. Her responsibilities include not only maintaining current water quality and usage standards but also planning for future water needs and conservation efforts. Sage needs detailed information on various water basins, including which water bodies belong to a specific basin, the sub-water basins contained within them, the classification of different types of water bodies, especially coastal ones, and a comprehensive list of all water body types for planning and reporting purposes.

Moreover, having a list of all types of water bodies available at her disposal enables Sage to communicate effectively with local stakeholders, government entities, and international conservation bodies, providing reports, data analysis, and strategic planning documents that are based on comprehensive and accurate water body classifications.",How does the ontology support decision-making processes in water resource management?,,,
Polifonia,NeoNGPT_GPT4o,"Sophia is a musicologist and a practising musician. Sophia is interested in understanding the social-historical reasons behind how the music was created and how it sounds. Sophia is doing social-historical research, using textual sources. One of her current projects is concerned with the relationship between music, medicine and religion at a particular charitable institution in 17th century Italy. The sources she uses, which are also not digitized, include records of an institution, payslips etc.The resources which Sophia uses are often not digitized. Therefore she needs to visit libraries. Whilst there, she will sift through the appropriate material, and take photographs of the most relevant. She will then analyze these photographs on her return home. In one particular library she may not be able to take photographs, and there she can only take notes. Sophia uses spreadsheets to maintain and compare information.

Sophia's work could be helped by:

    digitalisation of her source material;
    handwriting OCR;
    data visualization, e.g. to illustrate relationships between composers, institutions etc.;
    use of a database, i.e. as upgrade to current use of spreadsheets;
    named-entity recognition",What are the scalability considerations for handling large volumes of digitized historical data?,,,
Polifonia,Gold,"Ortenz would like to have a system for visualising events (meetings of composers and musicians) in time and space in order to track musicians' careers, their overlap and intersections, gathering trends in time and space, and making emerge patterns of knowledge transmission.Ortenz is supervising a PhD student. They want to explore a database of prosopographic information of personalities relevant to the musical cultural heritage, focusing primarily on musicians' career but also involving relevant people in sectors such as art, politics, and industry. They are interested in the events and facts nad how they are linked to the sources (biographies, letters, memoirs, encyclopedia). She wants the system to allow her to make annotations on the content, rate the quality of the sources and the accuracy of the statements, and curate collections of facts/statements/events as material for scholarship. 
    Wikipedia
    DBpedia
    Wikidata","Was there a power relation? (e.g., Patreon / Musician)",,,
Polifonia,NeoNGPT_Qwen3,"Anna wants to experience live music with the aid of haptic technology. Anna, who became hearing impaired in later life, attends a concert by The Blockheads at the Stables music venue with a friend Ben who is deaf from birth, and her hearing friend Caroline. In order to enhance their experience of the concert, they decide to use the haptic bracelets offered by the venue. Anna is a big fan of the bass player Norman Watt Roy, whereas her friend is interested in the drums played by John Roberts. For tonight’s performance, the Stables are offering a live automatic haptic transcription of the bass part. The Stables have also hired a musical interpreter for the hearing impaired who will be communicating the overall performance using an electronic drum kit from which a haptic feed is available. As a third option, a chest-worn transducer is available that takes the audio feed and turns the wearer’s chest cavity into a bass woofer. Anna used the bass transcription. Ben opted for the live interpretation. During ‘Hit me with your rhythm stick’ Anna grabs the hand of her hearing friend Caroline in excitement and puts it on her wrist to feel the bass rhythm. Anna and Ben sign to each other during the first two songs, and decide to swap feeds for the third.

When they hand the equipment back in at the end of the gig, the Stables staff point out that there is a summer workshop being run for hearing impared beginner drummers using a full drum kit and bracelets on all four limbs.","What are the activities (e.g., drum kit training) and equipment (e.g., bracelets) used in a specific workshop (e.g., ""summer workshop for drummers"")?",,,
