scenario,group,llm_type,dataset,n_valid,n_superfluous,sum_count,A_prevalence,B_intensity,scenario_short
"Amy wants to assess the developments of organ builders. This research includes looking into which organs an organ builder worked on and how their projects developed over time. This development can range from an increase of the size of the organ, to locality of their projects, or to the type or prestige of the project. The history section of the 15-part organ encyclopaedia is mostly used for this as this specifies year and changes that are made to the organs, but this obviously takes a lot of time and effort to research. 
    Amy already has access to the physical as well as online library of the university where she works.
    Amy also has the entire 15 volume collection from the Dutch organ encyclopaedia. She uses the encyclopaedia mostly for reading about the arthistorical and technical aspects and developments of organs and comparing these to other organs.
    Database websites for information about organs and churches which all offer slightly different kinds of information:
        https://www.kerk-en-orgel.nl
        https://reliwiki.nl/
        http://www.orgbase.nl
        https://geoplaza.vu.nl/cms/research/kerkenkaart/ – Kerkenkaart (churchmap) from the Vrije Universiteit Amsterdam",Gold,human,Polifonia,1,1,1,1.0,1.0,Amy wants to assess the developments of organ builders. This
"Amy wants to assess the developments of organ builders. This research includes looking into which organs an organ builder worked on and how their projects developed over time. This development can range from an increase of the size of the organ, to locality of their projects, or to the type or prestige of the project. The history section of the 15-part organ encyclopaedia is mostly used for this as this specifies year and changes that are made to the organs, but this obviously takes a lot of time and effort to research. 
    Amy already has access to the physical as well as online library of the university where she works.
    Amy also has the entire 15 volume collection from the Dutch organ encyclopaedia. She uses the encyclopaedia mostly for reading about the arthistorical and technical aspects and developments of organs and comparing these to other organs.
    Database websites for information about organs and churches which all offer slightly different kinds of information:
        https://www.kerk-en-orgel.nl
        https://reliwiki.nl/
        http://www.orgbase.nl
        https://geoplaza.vu.nl/cms/research/kerkenkaart/ – Kerkenkaart (churchmap) from the Vrije Universiteit Amsterdam",OntoChat,closed,Polifonia,5,0,0,0.0,0.0,Amy wants to assess the developments of organ builders. This
"Anna wants to experience live music with the aid of haptic technology. Anna, who became hearing impaired in later life, attends a concert by The Blockheads at the Stables music venue with a friend Ben who is deaf from birth, and her hearing friend Caroline. In order to enhance their experience of the concert, they decide to use the haptic bracelets offered by the venue. Anna is a big fan of the bass player Norman Watt Roy, whereas her friend is interested in the drums played by John Roberts. For tonight’s performance, the Stables are offering a live automatic haptic transcription of the bass part. The Stables have also hired a musical interpreter for the hearing impaired who will be communicating the overall performance using an electronic drum kit from which a haptic feed is available. As a third option, a chest-worn transducer is available that takes the audio feed and turns the wearer’s chest cavity into a bass woofer. Anna used the bass transcription. Ben opted for the live interpretation. During ‘Hit me with your rhythm stick’ Anna grabs the hand of her hearing friend Caroline in excitement and puts it on her wrist to feel the bass rhythm. Anna and Ben sign to each other during the first two songs, and decide to swap feeds for the third.

When they hand the equipment back in at the end of the gig, the Stables staff point out that there is a summer workshop being run for hearing impared beginner drummers using a full drum kit and bracelets on all four limbs.",Gold,human,Polifonia,2,0,0,0.0,0.0,Anna wants to experience live music with the aid of haptic t
"Anna wants to experience live music with the aid of haptic technology. Anna, who became hearing impaired in later life, attends a concert by The Blockheads at the Stables music venue with a friend Ben who is deaf from birth, and her hearing friend Caroline. In order to enhance their experience of the concert, they decide to use the haptic bracelets offered by the venue. Anna is a big fan of the bass player Norman Watt Roy, whereas her friend is interested in the drums played by John Roberts. For tonight’s performance, the Stables are offering a live automatic haptic transcription of the bass part. The Stables have also hired a musical interpreter for the hearing impaired who will be communicating the overall performance using an electronic drum kit from which a haptic feed is available. As a third option, a chest-worn transducer is available that takes the audio feed and turns the wearer’s chest cavity into a bass woofer. Anna used the bass transcription. Ben opted for the live interpretation. During ‘Hit me with your rhythm stick’ Anna grabs the hand of her hearing friend Caroline in excitement and puts it on her wrist to feel the bass rhythm. Anna and Ben sign to each other during the first two songs, and decide to swap feeds for the third.

When they hand the equipment back in at the end of the gig, the Stables staff point out that there is a summer workshop being run for hearing impared beginner drummers using a full drum kit and bracelets on all four limbs.",OntoChat,closed,Polifonia,5,0,0,0.0,0.0,Anna wants to experience live music with the aid of haptic t
"David is interested in understanding the social history of music, e.g. who were the musicians, who was the audience, how did a particular musical environment relate to the wider musical environment. He has a particular interest in understanding the environment around music which would not be classified as 'elite' music. He is also interested in people's experience of listening to music. David will work for several years collecting information, e.g. about brass bands, and populating a database with this information, as a preparation for writing a book. David's work could be helped by:

sonic visualization, e.g. to recognise 'thumbprints' to identify the composer of a piece of music;

search of document database using RDF annotations and query-time reasoning;

NLP, e.g. to suggest relevant keywords for annotation; including using some semantics, e.g. proposing an annotation which does not occur in the text.",Gold,human,Polifonia,2,2,2,1.0,1.0,David is interested in understanding the social history of m
"David is interested in understanding the social history of music, e.g. who were the musicians, who was the audience, how did a particular musical environment relate to the wider musical environment. He has a particular interest in understanding the environment around music which would not be classified as 'elite' music. He is also interested in people's experience of listening to music. David will work for several years collecting information, e.g. about brass bands, and populating a database with this information, as a preparation for writing a book. David's work could be helped by:

sonic visualization, e.g. to recognise 'thumbprints' to identify the composer of a piece of music;

search of document database using RDF annotations and query-time reasoning;

NLP, e.g. to suggest relevant keywords for annotation; including using some semantics, e.g. proposing an annotation which does not occur in the text.",OntoChat,closed,Polifonia,5,0,0,0.0,0.0,David is interested in understanding the social history of m
"For her next research project, Amy wants to discover artistic and technical trends of organs and how these developed. The development of these trends could possibly indicate wider social trends. During the project, Amy researches both artistic and technical trends surrounding organs in the Netherlands. Amy is interested in finding connections between different regions and time periods to see how the trends have developed. She also wants to put her findings in a historical and social context. Amy hopes that the knowledge graphs can help her identify initial trends. That way she knows where to dig deeper to understand the trends. In order to discover trends, comparisons similar to those needed by the organ advisor (Paul) are required. But besides the comparison of stops in organs made by the same organ builder, the comparisons can be related to almost every component of the organ. For example, the different arthistorical details on the fronts of the organs, or the wind supply system are interesting to compare.
    Amy already has access to the physical as well as online library of the university where she works.
    Amy also has the entire 15 volume collection from the Dutch organ encyclopaedia. She uses the encyclopaedia mostly for reading about the arthistorical and technical aspects and developments of organs and comparing these to other organs.
    Database websites for information about organs and churches which all offer slightly different kinds of information:
        https://www.kerk-en-orgel.nl
        https://reliwiki.nl/
        http://www.orgbase.nl
        https://geoplaza.vu.nl/cms/research/kerkenkaart/ – Kerkenkaart (churchmap) from the Vrije Universiteit Amsterdam",Gold,human,Polifonia,1,1,2,1.0,2.0,"For her next research project, Amy wants to discover artisti"
"For her next research project, Amy wants to discover artistic and technical trends of organs and how these developed. The development of these trends could possibly indicate wider social trends. During the project, Amy researches both artistic and technical trends surrounding organs in the Netherlands. Amy is interested in finding connections between different regions and time periods to see how the trends have developed. She also wants to put her findings in a historical and social context. Amy hopes that the knowledge graphs can help her identify initial trends. That way she knows where to dig deeper to understand the trends. In order to discover trends, comparisons similar to those needed by the organ advisor (Paul) are required. But besides the comparison of stops in organs made by the same organ builder, the comparisons can be related to almost every component of the organ. For example, the different arthistorical details on the fronts of the organs, or the wind supply system are interesting to compare.
    Amy already has access to the physical as well as online library of the university where she works.
    Amy also has the entire 15 volume collection from the Dutch organ encyclopaedia. She uses the encyclopaedia mostly for reading about the arthistorical and technical aspects and developments of organs and comparing these to other organs.
    Database websites for information about organs and churches which all offer slightly different kinds of information:
        https://www.kerk-en-orgel.nl
        https://reliwiki.nl/
        http://www.orgbase.nl
        https://geoplaza.vu.nl/cms/research/kerkenkaart/ – Kerkenkaart (churchmap) from the Vrije Universiteit Amsterdam",OntoChat,closed,Polifonia,5,0,0,0.0,0.0,"For her next research project, Amy wants to discover artisti"
"Mark is interested in understanding how Dutch folk tunes relate to other music, e.g. from French court operas.Starting from a collection of Dutch folk tunes, Mark attempts to relate these tunes to other documented music, using a variety of databases. Mark would like to relate individual pieces of music, but also repertoires generally. He would also like to understand musical evolution and transmission over time. Mark works with:

RISM index of musical sources, composers etc https://opac.rism.info/main-menu-/kachelmenu with the ability to search on names and music

NEUMA, a digital library of musical scores http://neuma.huma-num.fr/home/presentation

ABC notation database http://abcnotation.com/

Database of Dutch tunes http://www.liederenban.nl and http://www.liederebank.nl/mtc

Early American Secular Music and its European sources http://www.cdss.org/elibrary/Easmes/Index.htm

Mark's work could be helped by:

Connection to other databases, so that he could automatically query a range of databases",Gold,human,Polifonia,7,7,12,1.0,1.7142857142857142,Mark is interested in understanding how Dutch folk tunes rel
"Mark is interested in understanding how Dutch folk tunes relate to other music, e.g. from French court operas.Starting from a collection of Dutch folk tunes, Mark attempts to relate these tunes to other documented music, using a variety of databases. Mark would like to relate individual pieces of music, but also repertoires generally. He would also like to understand musical evolution and transmission over time. Mark works with:

RISM index of musical sources, composers etc https://opac.rism.info/main-menu-/kachelmenu with the ability to search on names and music

NEUMA, a digital library of musical scores http://neuma.huma-num.fr/home/presentation

ABC notation database http://abcnotation.com/

Database of Dutch tunes http://www.liederenban.nl and http://www.liederebank.nl/mtc

Early American Secular Music and its European sources http://www.cdss.org/elibrary/Easmes/Index.htm

Mark's work could be helped by:

Connection to other databases, so that he could automatically query a range of databases",OntoChat,closed,Polifonia,5,0,0,0.0,0.0,Mark is interested in understanding how Dutch folk tunes rel
"Ortenz would like to have a system for visualising events (meetings of composers and musicians) in time and space in order to track musicians' careers, their overlap and intersections, gathering trends in time and space, and making emerge patterns of knowledge transmission.Ortenz is supervising a PhD student. They want to explore a database of prosopographic information of personalities relevant to the musical cultural heritage, focusing primarily on musicians' career but also involving relevant people in sectors such as art, politics, and industry. They are interested in the events and facts nad how they are linked to the sources (biographies, letters, memoirs, encyclopedia). She wants the system to allow her to make annotations on the content, rate the quality of the sources and the accuracy of the statements, and curate collections of facts/statements/events as material for scholarship. 
    Wikipedia
    DBpedia
    Wikidata",Gold,human,Polifonia,14,12,24,0.8571428571428571,1.7142857142857142,Ortenz would like to have a system for visualising events (m
"Ortenz would like to have a system for visualising events (meetings of composers and musicians) in time and space in order to track musicians' careers, their overlap and intersections, gathering trends in time and space, and making emerge patterns of knowledge transmission.Ortenz is supervising a PhD student. They want to explore a database of prosopographic information of personalities relevant to the musical cultural heritage, focusing primarily on musicians' career but also involving relevant people in sectors such as art, politics, and industry. They are interested in the events and facts nad how they are linked to the sources (biographies, letters, memoirs, encyclopedia). She wants the system to allow her to make annotations on the content, rate the quality of the sources and the accuracy of the statements, and curate collections of facts/statements/events as material for scholarship. 
    Wikipedia
    DBpedia
    Wikidata",OntoChat,closed,Polifonia,5,1,1,0.2,0.2,Ortenz would like to have a system for visualising events (m
"Patrizia is a Demo-Ethno-anthropologist Officer of the Ministry of Culture and she is responsible for the safeguarding of the Intangible Heritage pursuant to the 2003 Unesco Convention. She needs to know if the bells of some bell towers are involved in sound practices conducted by collective social actors who recognize those practices as constitutive trait of their collective identity. Patrizia starts her investigation from the denominations and the location of the bell towers. Patrizia checks whether the sound of those bell towers is done by hand or through electrification. Patrizia checks if there are more or less formalized and more or less recognized human groups that carry out those practices. Patrizia investigate what kind of transmission and apprenticeship methods are carried out: in what age groups, if exclusively male or even female, with what type of transmission (oral, written, formal or informal).",Gold,human,Polifonia,11,11,21,1.0,1.9090909090909092,Patrizia is a Demo-Ethno-anthropologist Officer of the Minis
"Patrizia is a Demo-Ethno-anthropologist Officer of the Ministry of Culture and she is responsible for the safeguarding of the Intangible Heritage pursuant to the 2003 Unesco Convention. She needs to know if the bells of some bell towers are involved in sound practices conducted by collective social actors who recognize those practices as constitutive trait of their collective identity. Patrizia starts her investigation from the denominations and the location of the bell towers. Patrizia checks whether the sound of those bell towers is done by hand or through electrification. Patrizia checks if there are more or less formalized and more or less recognized human groups that carry out those practices. Patrizia investigate what kind of transmission and apprenticeship methods are carried out: in what age groups, if exclusively male or even female, with what type of transmission (oral, written, formal or informal).",OntoChat,closed,Polifonia,4,1,1,0.25,0.25,Patrizia is a Demo-Ethno-anthropologist Officer of the Minis
"Sophia is a musicologist and a practising musician. Sophia is interested in understanding the social-historical reasons behind how the music was created and how it sounds. Sophia is doing social-historical research, using textual sources. One of her current projects is concerned with the relationship between music, medicine and religion at a particular charitable institution in 17th century Italy. The sources she uses, which are also not digitized, include records of an institution, payslips etc.The resources which Sophia uses are often not digitized. Therefore she needs to visit libraries. Whilst there, she will sift through the appropriate material, and take photographs of the most relevant. She will then analyze these photographs on her return home. In one particular library she may not be able to take photographs, and there she can only take notes. Sophia uses spreadsheets to maintain and compare information.

Sophia's work could be helped by:

    digitalisation of her source material;
    handwriting OCR;
    data visualization, e.g. to illustrate relationships between composers, institutions etc.;
    use of a database, i.e. as upgrade to current use of spreadsheets;
    named-entity recognition",Gold,human,Polifonia,2,2,5,1.0,2.5,Sophia is a musicologist and a practising musician. Sophia i
"Sophia is a musicologist and a practising musician. Sophia is interested in understanding the social-historical reasons behind how the music was created and how it sounds. Sophia is doing social-historical research, using textual sources. One of her current projects is concerned with the relationship between music, medicine and religion at a particular charitable institution in 17th century Italy. The sources she uses, which are also not digitized, include records of an institution, payslips etc.The resources which Sophia uses are often not digitized. Therefore she needs to visit libraries. Whilst there, she will sift through the appropriate material, and take photographs of the most relevant. She will then analyze these photographs on her return home. In one particular library she may not be able to take photographs, and there she can only take notes. Sophia uses spreadsheets to maintain and compare information.

Sophia's work could be helped by:

    digitalisation of her source material;
    handwriting OCR;
    data visualization, e.g. to illustrate relationships between composers, institutions etc.;
    use of a database, i.e. as upgrade to current use of spreadsheets;
    named-entity recognition",OntoChat,closed,Polifonia,5,1,1,0.2,0.2,Sophia is a musicologist and a practising musician. Sophia i
"Sophia’s original qualifications, and her Ph.D., were in music and she is also a practising musician. She is a musicologist working in the music department of a university. She has a particular interest in late 16th to 18th century music, specifically that of a particular composer living and working in Rome, Wien (Haydn, Mozart, Beethoven) London and Paris. As musician and historian, Sophia needs to study the instrumentation of a musical composition of the 18th century in order to organize a music festival that compares philological and modern performances and that proposes music compositions of that time with a completely new orchestration. To do this, she needs detailed informations about musical instruments, ancient and modern: how they were used in the original compositions and in the 18th century, to which instrument family each instrument belongs, in which instruments combination they have been used in musical compositions from any era. For each instrument Sophia will have to take into account these important properties: the timbre or range of timbres; the range of pitches; the dynamic range. Sophia is also interested to know the instrument's notation.",Gold,human,Polifonia,7,7,14,1.0,2.0,"Sophia’s original qualifications, and her Ph.D., were in mus"
"Sophia’s original qualifications, and her Ph.D., were in music and she is also a practising musician. She is a musicologist working in the music department of a university. She has a particular interest in late 16th to 18th century music, specifically that of a particular composer living and working in Rome, Wien (Haydn, Mozart, Beethoven) London and Paris. As musician and historian, Sophia needs to study the instrumentation of a musical composition of the 18th century in order to organize a music festival that compares philological and modern performances and that proposes music compositions of that time with a completely new orchestration. To do this, she needs detailed informations about musical instruments, ancient and modern: how they were used in the original compositions and in the 18th century, to which instrument family each instrument belongs, in which instruments combination they have been used in musical compositions from any era. For each instrument Sophia will have to take into account these important properties: the timbre or range of timbres; the range of pitches; the dynamic range. Sophia is also interested to know the instrument's notation.",OntoChat,closed,Polifonia,5,0,0,0.0,0.0,"Sophia’s original qualifications, and her Ph.D., were in mus"
"Successfully plan the restoration of an organ.. In this scenario Paul has to plan a similar restoration. However, from his already extensive knowledge about organs, he is uncertain about some of the information that was provided by the encyclopaedia. That is, some of the mentioned components and technicalities such as the pitch seemed illogical when compared to the other organs from the same organ builder. If it would somehow be possible to mark facts that are unreliable or untrue, that would save Paul a lot of time checking, verifying, and notating.
    Het Historische Orgel in Nederland – Dutch organ encyclopedia
    http://www.orgbase.nl – Dutch hobbyist-made website with information similar to Het Historische Orgel
    Church and city archives
    Old newspapers
    https://www.delpher.nl – digital database from the Dutch Royal Library
    Organs (sight visits)
    http://www.dtbob.org/ – Belgian digital organ database",Gold,human,Polifonia,6,6,11,1.0,1.8333333333333333,Successfully plan the restoration of an organ.. In this scen
"Successfully plan the restoration of an organ.. In this scenario Paul has to plan a similar restoration. However, from his already extensive knowledge about organs, he is uncertain about some of the information that was provided by the encyclopaedia. That is, some of the mentioned components and technicalities such as the pitch seemed illogical when compared to the other organs from the same organ builder. If it would somehow be possible to mark facts that are unreliable or untrue, that would save Paul a lot of time checking, verifying, and notating.
    Het Historische Orgel in Nederland – Dutch organ encyclopedia
    http://www.orgbase.nl – Dutch hobbyist-made website with information similar to Het Historische Orgel
    Church and city archives
    Old newspapers
    https://www.delpher.nl – digital database from the Dutch Royal Library
    Organs (sight visits)
    http://www.dtbob.org/ – Belgian digital organ database",OntoChat,closed,Polifonia,5,1,1,0.2,0.2,Successfully plan the restoration of an organ.. In this scen
"Amy wants to assess the developments of organ builders. This research includes looking into which organs an organ builder worked on and how their projects developed over time. This development can range from an increase of the size of the organ, to locality of their projects, or to the type or prestige of the project. The history section of the 15-part organ encyclopaedia is mostly used for this as this specifies year and changes that are made to the organs, but this obviously takes a lot of time and effort to research. 
    Amy already has access to the physical as well as online library of the university where she works.
    Amy also has the entire 15 volume collection from the Dutch organ encyclopaedia. She uses the encyclopaedia mostly for reading about the arthistorical and technical aspects and developments of organs and comparing these to other organs.
    Database websites for information about organs and churches which all offer slightly different kinds of information:
        https://www.kerk-en-orgel.nl
        https://reliwiki.nl/
        http://www.orgbase.nl
        https://geoplaza.vu.nl/cms/research/kerkenkaart/ – Kerkenkaart (churchmap) from the Vrije Universiteit Amsterdam",NeoNGPT_GPT4o,closed,Polifonia,25,13,15,0.52,0.6,Amy wants to assess the developments of organ builders. This
"Anna wants to experience live music with the aid of haptic technology. Anna, who became hearing impaired in later life, attends a concert by The Blockheads at the Stables music venue with a friend Ben who is deaf from birth, and her hearing friend Caroline. In order to enhance their experience of the concert, they decide to use the haptic bracelets offered by the venue. Anna is a big fan of the bass player Norman Watt Roy, whereas her friend is interested in the drums played by John Roberts. For tonight’s performance, the Stables are offering a live automatic haptic transcription of the bass part. The Stables have also hired a musical interpreter for the hearing impaired who will be communicating the overall performance using an electronic drum kit from which a haptic feed is available. As a third option, a chest-worn transducer is available that takes the audio feed and turns the wearer’s chest cavity into a bass woofer. Anna used the bass transcription. Ben opted for the live interpretation. During ‘Hit me with your rhythm stick’ Anna grabs the hand of her hearing friend Caroline in excitement and puts it on her wrist to feel the bass rhythm. Anna and Ben sign to each other during the first two songs, and decide to swap feeds for the third.

When they hand the equipment back in at the end of the gig, the Stables staff point out that there is a summer workshop being run for hearing impared beginner drummers using a full drum kit and bracelets on all four limbs.",NeoNGPT_GPT4o,closed,Polifonia,20,13,22,0.65,1.1,Anna wants to experience live music with the aid of haptic t
"Anna wants to experience live music with the aid of haptic technology. Anna, who became hearing impaired in later life, attends a concert by The Blockheads at the Stables music venue with a friend Ben who is deaf from birth, and her hearing friend Caroline. In order to enhance their experience of the concert, they decide to use the haptic bracelets offered by the venue. Anna is a big fan of the bass player Norman Watt Roy, whereas her friend is interested in the drums played by John Roberts. For tonight’s performance, the Stables are offering a live automatic haptic transcription of the bass part. The Stables have also hired a musical interpreter for the hearing impaired who will be communicating the overall performance using an electronic drum kit from which a haptic feed is available. As a third option, a chest-worn transducer is available that takes the audio feed and turns the wearer’s chest cavity into a bass woofer. Anna used the bass transcription. Ben opted for the live interpretation. During ‘Hit me with your rhythm stick’ Anna grabs the hand of her hearing friend Caroline in excitement and puts it on her wrist to feel the bass rhythm. Anna and Ben sign to each other during the first two songs, and decide to swap feeds for the third.

When they hand the equipment back in at the end of the gig, the Stables staff point out that there is a summer workshop being run for hearing impared beginner drummers using a full drum kit and bracelets on all four limbs.",NeoNGPT_Qwen3,open,Polifonia,50,41,51,0.82,1.02,Anna wants to experience live music with the aid of haptic t
"David is interested in understanding the social history of music, e.g. who were the musicians, who was the audience, how did a particular musical environment relate to the wider musical environment. He has a particular interest in understanding the environment around music which would not be classified as 'elite' music. He is also interested in people's experience of listening to music. David will work for several years collecting information, e.g. about brass bands, and populating a database with this information, as a preparation for writing a book. David's work could be helped by:

sonic visualization, e.g. to recognise 'thumbprints' to identify the composer of a piece of music;

search of document database using RDF annotations and query-time reasoning;

NLP, e.g. to suggest relevant keywords for annotation; including using some semantics, e.g. proposing an annotation which does not occur in the text.",NeoNGPT_GPT4o,closed,Polifonia,16,14,16,0.875,1.0,David is interested in understanding the social history of m
"For her next research project, Amy wants to discover artistic and technical trends of organs and how these developed. The development of these trends could possibly indicate wider social trends. During the project, Amy researches both artistic and technical trends surrounding organs in the Netherlands. Amy is interested in finding connections between different regions and time periods to see how the trends have developed. She also wants to put her findings in a historical and social context. Amy hopes that the knowledge graphs can help her identify initial trends. That way she knows where to dig deeper to understand the trends. In order to discover trends, comparisons similar to those needed by the organ advisor (Paul) are required. But besides the comparison of stops in organs made by the same organ builder, the comparisons can be related to almost every component of the organ. For example, the different arthistorical details on the fronts of the organs, or the wind supply system are interesting to compare.
    Amy already has access to the physical as well as online library of the university where she works.
    Amy also has the entire 15 volume collection from the Dutch organ encyclopaedia. She uses the encyclopaedia mostly for reading about the arthistorical and technical aspects and developments of organs and comparing these to other organs.
    Database websites for information about organs and churches which all offer slightly different kinds of information:
        https://www.kerk-en-orgel.nl
        https://reliwiki.nl/
        http://www.orgbase.nl
        https://geoplaza.vu.nl/cms/research/kerkenkaart/ – Kerkenkaart (churchmap) from the Vrije Universiteit Amsterdam",NeoNGPT_GPT4o,closed,Polifonia,20,18,26,0.9,1.3,"For her next research project, Amy wants to discover artisti"
"For her next research project, Amy wants to discover artistic and technical trends of organs and how these developed. The development of these trends could possibly indicate wider social trends. During the project, Amy researches both artistic and technical trends surrounding organs in the Netherlands. Amy is interested in finding connections between different regions and time periods to see how the trends have developed. She also wants to put her findings in a historical and social context. Amy hopes that the knowledge graphs can help her identify initial trends. That way she knows where to dig deeper to understand the trends. In order to discover trends, comparisons similar to those needed by the organ advisor (Paul) are required. But besides the comparison of stops in organs made by the same organ builder, the comparisons can be related to almost every component of the organ. For example, the different arthistorical details on the fronts of the organs, or the wind supply system are interesting to compare.
    Amy already has access to the physical as well as online library of the university where she works.
    Amy also has the entire 15 volume collection from the Dutch organ encyclopaedia. She uses the encyclopaedia mostly for reading about the arthistorical and technical aspects and developments of organs and comparing these to other organs.
    Database websites for information about organs and churches which all offer slightly different kinds of information:
        https://www.kerk-en-orgel.nl
        https://reliwiki.nl/
        http://www.orgbase.nl
        https://geoplaza.vu.nl/cms/research/kerkenkaart/ – Kerkenkaart (churchmap) from the Vrije Universiteit Amsterdam",NeoNGPT_Qwen3,open,Polifonia,1,1,3,1.0,3.0,"For her next research project, Amy wants to discover artisti"
"Mark is interested in understanding how Dutch folk tunes relate to other music, e.g. from French court operas.Starting from a collection of Dutch folk tunes, Mark attempts to relate these tunes to other documented music, using a variety of databases. Mark would like to relate individual pieces of music, but also repertoires generally. He would also like to understand musical evolution and transmission over time. Mark works with:

RISM index of musical sources, composers etc https://opac.rism.info/main-menu-/kachelmenu with the ability to search on names and music

NEUMA, a digital library of musical scores http://neuma.huma-num.fr/home/presentation

ABC notation database http://abcnotation.com/

Database of Dutch tunes http://www.liederenban.nl and http://www.liederebank.nl/mtc

Early American Secular Music and its European sources http://www.cdss.org/elibrary/Easmes/Index.htm

Mark's work could be helped by:

Connection to other databases, so that he could automatically query a range of databases",NeoNGPT_GPT4o,closed,Polifonia,20,19,20,0.95,1.0,Mark is interested in understanding how Dutch folk tunes rel
"Ortenz would like to have a system for visualising events (meetings of composers and musicians) in time and space in order to track musicians' careers, their overlap and intersections, gathering trends in time and space, and making emerge patterns of knowledge transmission.Ortenz is supervising a PhD student. They want to explore a database of prosopographic information of personalities relevant to the musical cultural heritage, focusing primarily on musicians' career but also involving relevant people in sectors such as art, politics, and industry. They are interested in the events and facts nad how they are linked to the sources (biographies, letters, memoirs, encyclopedia). She wants the system to allow her to make annotations on the content, rate the quality of the sources and the accuracy of the statements, and curate collections of facts/statements/events as material for scholarship. 
    Wikipedia
    DBpedia
    Wikidata",NeoNGPT_GPT4o,closed,Polifonia,18,10,13,0.5555555555555556,0.7222222222222222,Ortenz would like to have a system for visualising events (m
"Patrizia is a Demo-Ethno-anthropologist Officer of the Ministry of Culture and she is responsible for the safeguarding of the Intangible Heritage pursuant to the 2003 Unesco Convention. She needs to know if the bells of some bell towers are involved in sound practices conducted by collective social actors who recognize those practices as constitutive trait of their collective identity. Patrizia starts her investigation from the denominations and the location of the bell towers. Patrizia checks whether the sound of those bell towers is done by hand or through electrification. Patrizia checks if there are more or less formalized and more or less recognized human groups that carry out those practices. Patrizia investigate what kind of transmission and apprenticeship methods are carried out: in what age groups, if exclusively male or even female, with what type of transmission (oral, written, formal or informal).",NeoNGPT_GPT4o,closed,Polifonia,20,15,24,0.75,1.2,Patrizia is a Demo-Ethno-anthropologist Officer of the Minis
"Sophia is a musicologist and a practising musician. Sophia is interested in understanding the social-historical reasons behind how the music was created and how it sounds. Sophia is doing social-historical research, using textual sources. One of her current projects is concerned with the relationship between music, medicine and religion at a particular charitable institution in 17th century Italy. The sources she uses, which are also not digitized, include records of an institution, payslips etc.The resources which Sophia uses are often not digitized. Therefore she needs to visit libraries. Whilst there, she will sift through the appropriate material, and take photographs of the most relevant. She will then analyze these photographs on her return home. In one particular library she may not be able to take photographs, and there she can only take notes. Sophia uses spreadsheets to maintain and compare information.

Sophia's work could be helped by:

    digitalisation of her source material;
    handwriting OCR;
    data visualization, e.g. to illustrate relationships between composers, institutions etc.;
    use of a database, i.e. as upgrade to current use of spreadsheets;
    named-entity recognition",NeoNGPT_GPT4o,closed,Polifonia,20,19,20,0.95,1.0,Sophia is a musicologist and a practising musician. Sophia i
"Sophia’s original qualifications, and her Ph.D., were in music and she is also a practising musician. She is a musicologist working in the music department of a university. She has a particular interest in late 16th to 18th century music, specifically that of a particular composer living and working in Rome, Wien (Haydn, Mozart, Beethoven) London and Paris. As musician and historian, Sophia needs to study the instrumentation of a musical composition of the 18th century in order to organize a music festival that compares philological and modern performances and that proposes music compositions of that time with a completely new orchestration. To do this, she needs detailed informations about musical instruments, ancient and modern: how they were used in the original compositions and in the 18th century, to which instrument family each instrument belongs, in which instruments combination they have been used in musical compositions from any era. For each instrument Sophia will have to take into account these important properties: the timbre or range of timbres; the range of pitches; the dynamic range. Sophia is also interested to know the instrument's notation.",NeoNGPT_GPT4o,closed,Polifonia,15,15,41,1.0,2.7333333333333334,"Sophia’s original qualifications, and her Ph.D., were in mus"
"Sophia’s original qualifications, and her Ph.D., were in music and she is also a practising musician. She is a musicologist working in the music department of a university. She has a particular interest in late 16th to 18th century music, specifically that of a particular composer living and working in Rome, Wien (Haydn, Mozart, Beethoven) London and Paris. As musician and historian, Sophia needs to study the instrumentation of a musical composition of the 18th century in order to organize a music festival that compares philological and modern performances and that proposes music compositions of that time with a completely new orchestration. To do this, she needs detailed informations about musical instruments, ancient and modern: how they were used in the original compositions and in the 18th century, to which instrument family each instrument belongs, in which instruments combination they have been used in musical compositions from any era. For each instrument Sophia will have to take into account these important properties: the timbre or range of timbres; the range of pitches; the dynamic range. Sophia is also interested to know the instrument's notation.",NeoNGPT_Qwen3,open,Polifonia,1,1,2,1.0,2.0,"Sophia’s original qualifications, and her Ph.D., were in mus"
"Successfully plan the restoration of an organ.. In this scenario Paul has to plan a similar restoration. However, from his already extensive knowledge about organs, he is uncertain about some of the information that was provided by the encyclopaedia. That is, some of the mentioned components and technicalities such as the pitch seemed illogical when compared to the other organs from the same organ builder. If it would somehow be possible to mark facts that are unreliable or untrue, that would save Paul a lot of time checking, verifying, and notating.
    Het Historische Orgel in Nederland – Dutch organ encyclopedia
    http://www.orgbase.nl – Dutch hobbyist-made website with information similar to Het Historische Orgel
    Church and city archives
    Old newspapers
    https://www.delpher.nl – digital database from the Dutch Royal Library
    Organs (sight visits)
    http://www.dtbob.org/ – Belgian digital organ database",NeoNGPT_GPT4o,closed,Polifonia,20,20,48,1.0,2.4,Successfully plan the restoration of an organ.. In this scen
"Successfully plan the restoration of an organ.. In this scenario Paul has to plan a similar restoration. However, from his already extensive knowledge about organs, he is uncertain about some of the information that was provided by the encyclopaedia. That is, some of the mentioned components and technicalities such as the pitch seemed illogical when compared to the other organs from the same organ builder. If it would somehow be possible to mark facts that are unreliable or untrue, that would save Paul a lot of time checking, verifying, and notating.
    Het Historische Orgel in Nederland – Dutch organ encyclopedia
    http://www.orgbase.nl – Dutch hobbyist-made website with information similar to Het Historische Orgel
    Church and city archives
    Old newspapers
    https://www.delpher.nl – digital database from the Dutch Royal Library
    Organs (sight visits)
    http://www.dtbob.org/ – Belgian digital organ database",NeoNGPT_Qwen3,open,Polifonia,3,1,4,0.3333333333333333,1.3333333333333333,Successfully plan the restoration of an organ.. In this scen
"A circular value network consists of one or many actors that are working together towards a common goal. A circular value network holds a value proposition of achieving beneficial outcomes that the actors involved in the network would not be able to achieve in solitude. To reach this goal actors make use of inputs in the form of competencies and resources according to a specified logic. The circular value network outputs are the value proposition in it self, but also the possible secondary values in products, materials or competencies that could be useful in other contexts.",Gold,human,IB_WHOW_CVN,1,0,0,0.0,0.0,A circular value network consists of one or many actors that
"A circular value network consists of one or many actors that are working together towards a common goal. A circular value network holds a value proposition of achieving beneficial outcomes that the actors involved in the network would not be able to achieve in solitude. To reach this goal actors make use of inputs in the form of competencies and resources according to a specified logic. The circular value network outputs are the value proposition in it self, but also the possible secondary values in products, materials or competencies that could be useful in other contexts.",OntoChat,closed,IB_WHOW_CVN,5,0,0,0.0,0.0,A circular value network consists of one or many actors that
A circular value network has some process which outlines work done by different actors in this network,Gold,human,IB_WHOW_CVN,3,1,2,0.3333333333333333,0.6666666666666666,A circular value network has some process which outlines wor
A circular value network has some process which outlines work done by different actors in this network,OntoChat,closed,IB_WHOW_CVN,5,1,1,0.2,0.2,A circular value network has some process which outlines wor
"A manufacturer of a product needs to understand the composition and origin of the materials, as well as their production processes, to mitigate risks in the supply chain, analyse and improve the supply chain, ensure compliance with regulations etc. Although some stakeholders in the supply chain may be unknown, data origin and proof of validity is important.",Gold,human,IB_WHOW_CVN,1,0,0,0.0,0.0,A manufacturer of a product needs to understand the composit
"A manufacturer of a product needs to understand the composition and origin of the materials, as well as their production processes, to mitigate risks in the supply chain, analyse and improve the supply chain, ensure compliance with regulations etc. Although some stakeholders in the supply chain may be unknown, data origin and proof of validity is important.",OntoChat,closed,IB_WHOW_CVN,5,0,0,0.0,0.0,A manufacturer of a product needs to understand the composit
"A product is made up of components, which in turn are made up of materials that have a certain properties, and provenance.",Gold,human,IB_WHOW_CVN,1,1,1,1.0,1.0,"A product is made up of components, which in turn are made u"
"A product is made up of components, which in turn are made up of materials that have a certain properties, and provenance.",OntoChat,closed,IB_WHOW_CVN,5,0,0,0.0,0.0,"A product is made up of components, which in turn are made u"
"Actors collaborate to achieve the value proposition of the circular value network. Each actor is responsible for one or more pieces of work (in a step) and holds one or more competencies to do that work. Also, actors might or might not hold the necessary infrastructure and resources to perform the work. Each actor is of a certain type, and has a role in the network.",Gold,human,IB_WHOW_CVN,1,0,0,0.0,0.0,Actors collaborate to achieve the value proposition of the c
"Actors collaborate to achieve the value proposition of the circular value network. Each actor is responsible for one or more pieces of work (in a step) and holds one or more competencies to do that work. Also, actors might or might not hold the necessary infrastructure and resources to perform the work. Each actor is of a certain type, and has a role in the network.",OntoChat,closed,IB_WHOW_CVN,5,0,0,0.0,0.0,Actors collaborate to achieve the value proposition of the c
"An inventory consists of products (materials) and their quantities and locations, and is produced before dismantling. A product can be resold, refurbished, or enter into a take-back system, after dismantling, by some actors (e.g. building owner, or manufacturer).",Gold,human,IB_WHOW_CVN,1,0,0,0.0,0.0,An inventory consists of products (materials) and their quan
"An inventory consists of products (materials) and their quantities and locations, and is produced before dismantling. A product can be resold, refurbished, or enter into a take-back system, after dismantling, by some actors (e.g. building owner, or manufacturer).",OntoChat,closed,IB_WHOW_CVN,5,1,1,0.2,0.2,An inventory consists of products (materials) and their quan
"Based on the fact that I have the evening off, that it is going to rain, and that I like to go to the movies on my free-time, the system finds a film that I could see tonight.",Gold,human,IB_WHOW_CVN,2,2,6,1.0,3.0,"Based on the fact that I have the evening off, that it is go"
"Based on the fact that I have the evening off, that it is going to rain, and that I like to go to the movies on my free-time, the system finds a film that I could see tonight.",OntoChat,closed,IB_WHOW_CVN,5,0,0,0.0,0.0,"Based on the fact that I have the evening off, that it is go"
"Each circular value network has certain inputs that drive the work of that network. Inputs could be in the form of products, components, and materials, and could also be the outputs coming from another circular value network. Inputs also apply to phases, steps, and work inside the network.",Gold,human,IB_WHOW_CVN,1,0,0,0.0,0.0,Each circular value network has certain inputs that drive th
"Each circular value network has certain inputs that drive the work of that network. Inputs could be in the form of products, components, and materials, and could also be the outputs coming from another circular value network. Inputs also apply to phases, steps, and work inside the network.",OntoChat,closed,IB_WHOW_CVN,5,0,0,0.0,0.0,Each circular value network has certain inputs that drive th
For each piece of work an actor does for a certain part of a circular value network there are specific competencies tied to being able to do that work.,Gold,human,IB_WHOW_CVN,1,1,1,1.0,1.0,For each piece of work an actor does for a certain part of a
For each piece of work an actor does for a certain part of a circular value network there are specific competencies tied to being able to do that work.,OntoChat,closed,IB_WHOW_CVN,1,0,0,0.0,0.0,For each piece of work an actor does for a certain part of a
"I am alone in the bathroom. I am standing facing the mirror with the electric toothbrush in my hand, hence, the system recognizes that I am brushing my teeth.",Gold,human,IB_WHOW_CVN,3,2,3,0.6666666666666666,1.0,I am alone in the bathroom. I am standing facing the mirror 
"I am alone in the bathroom. I am standing facing the mirror with the electric toothbrush in my hand, hence, the system recognizes that I am brushing my teeth.",OntoChat,closed,IB_WHOW_CVN,5,2,2,0.4,0.4,I am alone in the bathroom. I am standing facing the mirror 
I am living in Berlin and I like to get the local weather displayed in the morning as soon as I am brushing my teeth.,Gold,human,IB_WHOW_CVN,2,2,3,1.0,1.5,I am living in Berlin and I like to get the local weather di
I am living in Berlin and I like to get the local weather displayed in the morning as soon as I am brushing my teeth.,OntoChat,closed,IB_WHOW_CVN,5,4,4,0.8,0.8,I am living in Berlin and I like to get the local weather di
"I like going to the movies when it is raining, and I especially like to see action movies.",Gold,human,IB_WHOW_CVN,2,2,3,1.0,1.5,"I like going to the movies when it is raining, and I especia"
"I like going to the movies when it is raining, and I especially like to see action movies.",OntoChat,closed,IB_WHOW_CVN,5,3,3,0.6,0.6,"I like going to the movies when it is raining, and I especia"
I was brushing my teeth in the bathroom on Thursday morning. Morning is between 6 and 10am according to the current user.,Gold,human,IB_WHOW_CVN,3,3,4,1.0,1.3333333333333333,I was brushing my teeth in the bathroom on Thursday morning.
I was brushing my teeth in the bathroom on Thursday morning. Morning is between 6 and 10am according to the current user.,OntoChat,closed,IB_WHOW_CVN,5,1,1,0.2,0.2,I was brushing my teeth in the bathroom on Thursday morning.
"Recycling of a product may depend on its material composition, efficiency of recycling.",Gold,human,IB_WHOW_CVN,2,1,1,0.5,0.5,Recycling of a product may depend on its material compositio
"Recycling of a product may depend on its material composition, efficiency of recycling.",OntoChat,closed,IB_WHOW_CVN,5,1,1,0.2,0.2,Recycling of a product may depend on its material compositio
"Resources are what is worked on in the circular value network. Resources are used as inputs but could also be outputs from the network, and its processes, steps etc. For resources that are part of a circular value network they will be of a certain type (is it a product, component or material). Also, for these resources, their composition is ideally known at some level. Resources can also be used in processing steps, but without being the main focus of the value network, e.g. consumables, catalysts.",Gold,human,IB_WHOW_CVN,3,0,0,0.0,0.0,Resources are what is worked on in the circular value networ
"Resources are what is worked on in the circular value network. Resources are used as inputs but could also be outputs from the network, and its processes, steps etc. For resources that are part of a circular value network they will be of a certain type (is it a product, component or material). Also, for these resources, their composition is ideally known at some level. Resources can also be used in processing steps, but without being the main focus of the value network, e.g. consumables, catalysts.",OntoChat,closed,IB_WHOW_CVN,5,0,0,0.0,0.0,Resources are what is worked on in the circular value networ
"Sage, a water resource manager with a background in environmental science, is tasked with overseeing the sustainability and conservation efforts of water basins in her region. Her responsibilities include not only maintaining current water quality and usage standards but also planning for future water needs and conservation efforts. Sage needs detailed information on various water basins, including which water bodies belong to a specific basin, the sub-water basins contained within them, the classification of different types of water bodies, especially coastal ones, and a comprehensive list of all water body types for planning and reporting purposes.

Moreover, having a list of all types of water bodies available at her disposal enables Sage to communicate effectively with local stakeholders, government entities, and international conservation bodies, providing reports, data analysis, and strategic planning documents that are based on comprehensive and accurate water body classifications.",Gold,human,IB_WHOW_CVN,2,0,0,0.0,0.0,"Sage, a water resource manager with a background in environm"
"Sage, a water resource manager with a background in environmental science, is tasked with overseeing the sustainability and conservation efforts of water basins in her region. Her responsibilities include not only maintaining current water quality and usage standards but also planning for future water needs and conservation efforts. Sage needs detailed information on various water basins, including which water bodies belong to a specific basin, the sub-water basins contained within them, the classification of different types of water bodies, especially coastal ones, and a comprehensive list of all water body types for planning and reporting purposes.

Moreover, having a list of all types of water bodies available at her disposal enables Sage to communicate effectively with local stakeholders, government entities, and international conservation bodies, providing reports, data analysis, and strategic planning documents that are based on comprehensive and accurate water body classifications.",OntoChat,closed,IB_WHOW_CVN,5,0,0,0.0,0.0,"Sage, a water resource manager with a background in environm"
"The system asks me if I want to order tickets to a proposed event if there are tickets available. I am presented with a set of ticket options, and get to select the time of the show, the seat I want at the movie theatre. Finally, I pay by credit card.",Gold,human,IB_WHOW_CVN,2,2,4,1.0,2.0,The system asks me if I want to order tickets to a proposed 
"The system asks me if I want to order tickets to a proposed event if there are tickets available. I am presented with a set of ticket options, and get to select the time of the show, the seat I want at the movie theatre. Finally, I pay by credit card.",OntoChat,closed,IB_WHOW_CVN,5,0,0,0.0,0.0,The system asks me if I want to order tickets to a proposed 
"The value proposition that a circular value network holds is the value the network can generate and which motivates its existence. It could be in the form of business value as in monetary terms, but also in the form of environmental, sustainability and performance values.",Gold,human,IB_WHOW_CVN,1,0,0,0.0,0.0,The value proposition that a circular value network holds is
"The value proposition that a circular value network holds is the value the network can generate and which motivates its existence. It could be in the form of business value as in monetary terms, but also in the form of environmental, sustainability and performance values.",OntoChat,closed,IB_WHOW_CVN,5,0,0,0.0,0.0,The value proposition that a circular value network holds is
"There are many different weather services available online, I prefer www.yr.no. My preferred configuration of the service is the weather service for Berlin with the current 3-day prognosis.",Gold,human,IB_WHOW_CVN,3,3,4,1.0,1.3333333333333333,"There are many different weather services available online, "
"There are many different weather services available online, I prefer www.yr.no. My preferred configuration of the service is the weather service for Berlin with the current 3-day prognosis.",OntoChat,closed,IB_WHOW_CVN,5,2,2,0.4,0.4,"There are many different weather services available online, "
"There are several actors involved in a construction use case/circular value flow, each holding some roles in a certain material flow.",Gold,human,IB_WHOW_CVN,2,2,2,1.0,1.0,There are several actors involved in a construction use case
"There are several actors involved in a construction use case/circular value flow, each holding some roles in a certain material flow.",OntoChat,closed,IB_WHOW_CVN,5,1,1,0.2,0.2,There are several actors involved in a construction use case
"There is a sneak preview of an action film called ""X-men"" today at 8pm at CinemaOne.",Gold,human,IB_WHOW_CVN,3,3,4,1.0,1.3333333333333333,"There is a sneak preview of an action film called ""X-men"" to"
"There is a sneak preview of an action film called ""X-men"" today at 8pm at CinemaOne.",OntoChat,closed,IB_WHOW_CVN,5,1,1,0.2,0.2,"There is a sneak preview of an action film called ""X-men"" to"
"Today my calendar contains a meeting at noon, but then I have the afternoon and evening off.",Gold,human,IB_WHOW_CVN,2,1,1,0.5,0.5,"Today my calendar contains a meeting at noon, but then I hav"
"Today my calendar contains a meeting at noon, but then I have the afternoon and evening off.",OntoChat,closed,IB_WHOW_CVN,5,1,1,0.2,0.2,"Today my calendar contains a meeting at noon, but then I hav"
"When I am standing in front of the mirror brushing my teeth the weather is displayed as graphics on the mirror, but when I walk around the bathroom it is read out through the loudspeakers.",Gold,human,IB_WHOW_CVN,4,3,4,0.75,1.0,When I am standing in front of the mirror brushing my teeth 
"When I am standing in front of the mirror brushing my teeth the weather is displayed as graphics on the mirror, but when I walk around the bathroom it is read out through the loudspeakers.",OntoChat,closed,IB_WHOW_CVN,5,2,2,0.4,0.4,When I am standing in front of the mirror brushing my teeth 
"A circular value network consists of one or many actors that are working together towards a common goal. A circular value network holds a value proposition of achieving beneficial outcomes that the actors involved in the network would not be able to achieve in solitude. To reach this goal actors make use of inputs in the form of competencies and resources according to a specified logic. The circular value network outputs are the value proposition in it self, but also the possible secondary values in products, materials or competencies that could be useful in other contexts.",NeoNGPT_GPT4o,closed,IB_WHOW_CVN,20,11,12,0.55,0.6,A circular value network consists of one or many actors that
A circular value network has some process which outlines work done by different actors in this network,NeoNGPT_GPT4o,closed,IB_WHOW_CVN,20,16,26,0.8,1.3,A circular value network has some process which outlines wor
"A manufacturer of a product needs to understand the composition and origin of the materials, as well as their production processes, to mitigate risks in the supply chain, analyse and improve the supply chain, ensure compliance with regulations etc. Although some stakeholders in the supply chain may be unknown, data origin and proof of validity is important.",NeoNGPT_GPT4o,closed,IB_WHOW_CVN,20,13,14,0.65,0.7,A manufacturer of a product needs to understand the composit
"A product is made up of components, which in turn are made up of materials that have a certain properties, and provenance.",NeoNGPT_GPT4o,closed,IB_WHOW_CVN,20,14,15,0.7,0.75,"A product is made up of components, which in turn are made u"
"Actors collaborate to achieve the value proposition of the circular value network. Each actor is responsible for one or more pieces of work (in a step) and holds one or more competencies to do that work. Also, actors might or might not hold the necessary infrastructure and resources to perform the work. Each actor is of a certain type, and has a role in the network.",NeoNGPT_GPT4o,closed,IB_WHOW_CVN,15,12,12,0.8,0.8,Actors collaborate to achieve the value proposition of the c
"An inventory consists of products (materials) and their quantities and locations, and is produced before dismantling. A product can be resold, refurbished, or enter into a take-back system, after dismantling, by some actors (e.g. building owner, or manufacturer).",NeoNGPT_GPT4o,closed,IB_WHOW_CVN,20,16,27,0.8,1.35,An inventory consists of products (materials) and their quan
"Based on the fact that I have the evening off, that it is going to rain, and that I like to go to the movies on my free-time, the system finds a film that I could see tonight.",NeoNGPT_GPT4o,closed,IB_WHOW_CVN,20,20,27,1.0,1.35,"Based on the fact that I have the evening off, that it is go"
"Each circular value network has certain inputs that drive the work of that network. Inputs could be in the form of products, components, and materials, and could also be the outputs coming from another circular value network. Inputs also apply to phases, steps, and work inside the network.",NeoNGPT_GPT4o,closed,IB_WHOW_CVN,20,15,17,0.75,0.85,Each circular value network has certain inputs that drive th
For each piece of work an actor does for a certain part of a circular value network there are specific competencies tied to being able to do that work.,NeoNGPT_GPT4o,closed,IB_WHOW_CVN,17,15,22,0.8823529411764706,1.2941176470588236,For each piece of work an actor does for a certain part of a
"I am alone in the bathroom. I am standing facing the mirror with the electric toothbrush in my hand, hence, the system recognizes that I am brushing my teeth.",NeoNGPT_GPT4o,closed,IB_WHOW_CVN,20,20,36,1.0,1.8,I am alone in the bathroom. I am standing facing the mirror 
I am living in Berlin and I like to get the local weather displayed in the morning as soon as I am brushing my teeth.,NeoNGPT_GPT4o,closed,IB_WHOW_CVN,20,18,26,0.9,1.3,I am living in Berlin and I like to get the local weather di
I am living in Berlin and I like to get the local weather displayed in the morning as soon as I am brushing my teeth.,NeoNGPT_Qwen3,open,IB_WHOW_CVN,20,20,36,1.0,1.8,I am living in Berlin and I like to get the local weather di
"I like going to the movies when it is raining, and I especially like to see action movies.",NeoNGPT_GPT4o,closed,IB_WHOW_CVN,20,18,31,0.9,1.55,"I like going to the movies when it is raining, and I especia"
"I like going to the movies when it is raining, and I especially like to see action movies.",NeoNGPT_Qwen3,open,IB_WHOW_CVN,50,50,85,1.0,1.7,"I like going to the movies when it is raining, and I especia"
I was brushing my teeth in the bathroom on Thursday morning. Morning is between 6 and 10am according to the current user.,NeoNGPT_GPT4o,closed,IB_WHOW_CVN,15,15,40,1.0,2.6666666666666665,I was brushing my teeth in the bathroom on Thursday morning.
"Recycling of a product may depend on its material composition, efficiency of recycling.",NeoNGPT_GPT4o,closed,IB_WHOW_CVN,25,21,29,0.84,1.16,Recycling of a product may depend on its material compositio
"Resources are what is worked on in the circular value network. Resources are used as inputs but could also be outputs from the network, and its processes, steps etc. For resources that are part of a circular value network they will be of a certain type (is it a product, component or material). Also, for these resources, their composition is ideally known at some level. Resources can also be used in processing steps, but without being the main focus of the value network, e.g. consumables, catalysts.",NeoNGPT_GPT4o,closed,IB_WHOW_CVN,20,11,16,0.55,0.8,Resources are what is worked on in the circular value networ
"Sage, a water resource manager with a background in environmental science, is tasked with overseeing the sustainability and conservation efforts of water basins in her region. Her responsibilities include not only maintaining current water quality and usage standards but also planning for future water needs and conservation efforts. Sage needs detailed information on various water basins, including which water bodies belong to a specific basin, the sub-water basins contained within them, the classification of different types of water bodies, especially coastal ones, and a comprehensive list of all water body types for planning and reporting purposes.

Moreover, having a list of all types of water bodies available at her disposal enables Sage to communicate effectively with local stakeholders, government entities, and international conservation bodies, providing reports, data analysis, and strategic planning documents that are based on comprehensive and accurate water body classifications.",NeoNGPT_GPT4o,closed,IB_WHOW_CVN,20,15,16,0.75,0.8,"Sage, a water resource manager with a background in environm"
"The system asks me if I want to order tickets to a proposed event if there are tickets available. I am presented with a set of ticket options, and get to select the time of the show, the seat I want at the movie theatre. Finally, I pay by credit card.",NeoNGPT_GPT4o,closed,IB_WHOW_CVN,20,19,29,0.95,1.45,The system asks me if I want to order tickets to a proposed 
"The system asks me if I want to order tickets to a proposed event if there are tickets available. I am presented with a set of ticket options, and get to select the time of the show, the seat I want at the movie theatre. Finally, I pay by credit card.",NeoNGPT_Qwen3,open,IB_WHOW_CVN,4,2,2,0.5,0.5,The system asks me if I want to order tickets to a proposed 
"The value proposition that a circular value network holds is the value the network can generate and which motivates its existence. It could be in the form of business value as in monetary terms, but also in the form of environmental, sustainability and performance values.",NeoNGPT_GPT4o,closed,IB_WHOW_CVN,20,13,14,0.65,0.7,The value proposition that a circular value network holds is
"There are many different weather services available online, I prefer www.yr.no. My preferred configuration of the service is the weather service for Berlin with the current 3-day prognosis.",NeoNGPT_GPT4o,closed,IB_WHOW_CVN,20,16,23,0.8,1.15,"There are many different weather services available online, "
"There are several actors involved in a construction use case/circular value flow, each holding some roles in a certain material flow.",NeoNGPT_GPT4o,closed,IB_WHOW_CVN,20,20,26,1.0,1.3,There are several actors involved in a construction use case
"There are several actors involved in a construction use case/circular value flow, each holding some roles in a certain material flow.",NeoNGPT_Qwen3,open,IB_WHOW_CVN,50,49,57,0.98,1.14,There are several actors involved in a construction use case
"There is a sneak preview of an action film called ""X-men"" today at 8pm at CinemaOne.",NeoNGPT_GPT4o,closed,IB_WHOW_CVN,20,19,25,0.95,1.25,"There is a sneak preview of an action film called ""X-men"" to"
"There is a sneak preview of an action film called ""X-men"" today at 8pm at CinemaOne.",NeoNGPT_Qwen3,open,IB_WHOW_CVN,1,1,1,1.0,1.0,"There is a sneak preview of an action film called ""X-men"" to"
"Today my calendar contains a meeting at noon, but then I have the afternoon and evening off.",NeoNGPT_GPT4o,closed,IB_WHOW_CVN,20,20,34,1.0,1.7,"Today my calendar contains a meeting at noon, but then I hav"
"When I am standing in front of the mirror brushing my teeth the weather is displayed as graphics on the mirror, but when I walk around the bathroom it is read out through the loudspeakers.",NeoNGPT_GPT4o,closed,IB_WHOW_CVN,15,14,18,0.9333333333333333,1.2,When I am standing in front of the mirror brushing my teeth 
